,ID,Description,GeneRatio,BgRatio,pvalue,p.adjust,qvalue,geneID,Count
hsa04514,hsa04514,Cell adhesion molecules (CAMs),72/1690,144/7839,2.85587777235167e-14,8.79610353884313e-12,6.22280735659784e-12,HLA-F/ICAM1/PECAM1/CLDN10/HLA-B/CLDN3/CD34/HLA-DMB/HLA-A/CADM1/CD28/JAM2/NFASC/SELL/CTLA4/CLDN7/CLDN14/CADM3/NRCAM/CD22/ICAM2/ITGB2/CD40/CD4/ITGB8/ITGAM/CLDN4/SDC1/PTPRC/HLA-DMA/CD58/ITGA9/LRRC4B/NECTIN3/SIGLEC1/CDH15/MAG/CD86/ALCAM/SDC2/NRXN3/ESAM/LRRC4/VCAM1/ITGA4/ITGA8/ITGAL/HLA-DPA1/NECTIN1/L1CAM/HLA-DPB1/HLA-DQA1/SELPLG/CNTNAP1/CD226/HLA-DRA/NTNG2/HLA-DOA/CD99/HLA-DRB1/CDH2/NTNG1/VCAN/CLDN5/NRXN2/OCLN/CLDN16/CLDN6/HLA-DRB5/TIGIT/HLA-DQB1/SELE,72
hsa05150,hsa05150,Staphylococcus aureus infection,41/1690,68/7839,4.31692345080808e-12,6.64806211424445e-10,4.7031744964067e-10,ICAM1/C5/HLA-DMB/FCGR2B/C1R/FCGR3B/C5AR1/C2/CFD/FCGR1A/C1QA/FPR1/C3AR1/CFI/FCGR2A/FCGR2C/C1QB/ITGB2/C1QC/C1S/ITGAM/PTAFR/HLA-DMA/FPR3/IL10/FPR2/ITGAL/HLA-DPA1/HLA-DPB1/HLA-DQA1/SELPLG/HLA-DRA/HLA-DOA/CAMP/HLA-DRB1/HLA-DRB5/FCGR3A/DEFA3/C3/C4B/HLA-DQB1,41
hsa04610,hsa04610,Complement and coagulation cascades,42/1690,79/7839,6.15778595589101e-10,6.32199358138144e-08,4.47249716796294e-08,CR1/C4BPB/TFPI/C5/C7/A2M/VWF/PROCR/C1R/C8G/PROS1/C5AR1/C2/CFD/F2RL2/C1QA/C3AR1/CFI/C1QB/ITGB2/F8/C1QC/C1S/F13A1/ITGAM/VSIG4/CD55/VTN/F2RL3/F3/BDKRB2/SERPINA1/ITGAX/KNG1/THBD/F5/CD59/SERPINB2/F12/C3/C4B/BDKRB1,42
hsa05323,hsa05323,Rheumatoid arthritis,45/1690,91/7839,3.2102520584477e-09,2.47189408500473e-07,1.74874256868072e-07,IL18/ICAM1/TNFSF13B/HLA-DMB/CD28/CSF1/CTLA4/TLR2/MMP1/TGFB1/ATP6V1E1/CCL2/ITGB2/CCL5/ATP6V1G1/ATP6AP1/ATP6V0A1/TLR4/HLA-DMA/TGFB3/ATP6V1E2/TEK/IL6/CD86/ATP6V0B/CXCL1/CCL3/ATP6V0D2/CTSK/ITGAL/HLA-DPA1/HLA-DPB1/IL15/HLA-DQA1/TNFSF13/FLT1/TNFRSF11A/CCL3L3/CCL3L1/HLA-DRA/HLA-DOA/HLA-DRB1/HLA-DRB5/TGFB2/HLA-DQB1,45
hsa04060,hsa04060,Cytokine-cytokine receptor interaction,106/1690,294/7839,4.60607122212725e-09,2.83733987283038e-07,2.00727735364282e-07,IL18/BMP5/IL12RB2/GDF15/IL27/CXCL16/LEP/TNFSF13B/CCL13/CSF1/IL12RB1/FAS/INHA/TNFRSF14/IL6ST/EDA/IL16/CCR7/TNFRSF10A/TNFSF12/TNFSF8/IL15RA/IL17RC/TGFB1/CCL4/BMP6/TNFSF9/CCL2/CCL8/IFNGR1/CCL5/CD40/CD4/IL33/CLCF1/TGFB3/CCL18/IL27RA/INHBA/CCL28/ACVR1B/IL6/GDF6/IL18R1/ACVR2A/IL10/CCR10/CXCR4/GDF7/CXCL1/CCL3/IL2RG/BMP8B/LIFR/IL15/TNFSF13/IL20RB/TNFSF18/TNFSF15/IL1RL1/BMPR1B/CSH1/TNFRSF1B/PF4V1/TNFRSF11A/CCL3L3/CCL3L1/IL22RA1/IL6R/CXCL14/IFNLR1/TNFRSF12A/PPBP/ACVRL1/BMPR1A/CSF2RB/OSM/CTF1/TNFSF14/TNFRSF19/CD27/CX3CR1/TNFRSF11B/CCR9/IL1R2/IL20RA/BMP2/EPO/CX3CL1/IL7R/CXCL13/CCR5/GH2/PF4/NODAL/CXCL10/TNFRSF4/IL31RA/IL24/IL36G/TGFB2/CCL4L1/CCL4L2/AMHR2/CCL7/GH1,106
hsa04145,hsa04145,Phagosome,64/1690,152/7839,7.14283810052191e-09,3.66665689160125e-07,2.59397804703164e-07,HLA-F/NCF1/HLA-B/HLA-DMB/HLA-A/FCGR2B/C1R/FCGR3B/CANX/NCF2/TLR2/LAMP2/CALR/TUBB3/FCGR1A/ATP6V1E1/TLR6/FCGR2A/FCGR2C/SEC22B/ITGB2/CORO1A/ATP6V1G1/CTSS/ATP6AP1/ITGAM/CLEC7A/ATP6V0A1/TLR4/HLA-DMA/CD14/ATP6V1E2/CD36/TUBB4A/CYBB/MRC1/LAMP1/COMP/SCARB1/SFTPD/DYNC2H1/ATP6V0B/ITGB3/ATP6V0D2/HLA-DPA1/MARCO/HLA-DPB1/HLA-DQA1/HLA-DRA/MSR1/HLA-DOA/ITGB5/HLA-DRB1/TUBB2A/ACTG1/THBS1/COLEC11/TUBA1A/RAB7B/HLA-DRB5/FCGR3A/CD209/C3/HLA-DQB1,64
hsa05144,hsa05144,Malaria,29/1690,49/7839,1.12021720502134e-08,4.92895570209389e-07,3.48699190134462e-07,CR1/IL18/ICAM1/PECAM1/HGF/TLR2/GYPA/ACKR1/TGFB1/CCL2/ITGB2/CD40/GYPB/SDC1/TLR4/TGFB3/CD36/IL6/CD81/SDC2/COMP/IL10/HBB/VCAM1/ITGAL/THBS1/KLRB1/TGFB2/SELE,29
hsa05322,hsa05322,Systemic lupus erythematosus,55/1690,133/7839,1.69252950375352e-07,6.51623858945105e-06,4.6099158852234e-06,C5/C7/HLA-DMB/HIST1H4I/C1R/CD28/C8G/FCGR3B/HIST1H2BN/HIST1H2BK/C2/HIST1H2BF/HIST3H2A/FCGR1A/HIST1H2AE/C1QA/HIST3H2BB/FCGR2A/C1QB/C1QC/CD40/C1S/HLA-DMA/HIST1H3G/HIST1H2BG/CD86/HIST1H2AG/IL10/HIST1H3E/HIST1H2BH/CTSG/HLA-DPA1/HIST1H2BC/HLA-DPB1/HLA-DQA1/HIST3H3/HIST2H2BF/HLA-DRA/HIST2H2BE/HIST1H2BD/HIST1H2BE/HLA-DOA/HIST1H3H/HLA-DRB1/HIST1H4H/HIST1H2AC/HIST1H3A/HLA-DRB5/HIST1H2BO/FCGR3A/HIST2H3D/HIST1H4E/C3/C4B/HLA-DQB1,55
hsa05416,hsa05416,Viral myocarditis,30/1690,59/7839,6.31377060508019e-07,2.16071260707189e-05,1.52859709386152e-05,HLA-F/ICAM1/HLA-B/HLA-DMB/HLA-A/CD28/RAC2/EIF4G2/LAMA2/ITGB2/CD40/HLA-DMA/CD55/CCND1/EIF4G1/CD86/SGCB/PRF1/ITGAL/HLA-DPA1/HLA-DPB1/HLA-DQA1/HLA-DRA/HLA-DOA/MYH6/BID/HLA-DRB1/ACTG1/HLA-DRB5/HLA-DQB1,30
hsa04672,hsa04672,Intestinal immune network for IgA production,25/1690,49/7839,5.0202941213181e-06,0.000146441993358446,0.000103600453264519,TNFSF13B/HLA-DMB/CD28/IL15RA/TGFB1/CD40/HLA-DMA/CCL28/IL6/CD86/IL10/CCR10/ITGA4/CXCR4/HLA-DPA1/HLA-DPB1/IL15/HLA-DQA1/TNFSF13/HLA-DRA/HLA-DOA/HLA-DRB1/CCR9/HLA-DRB5/HLA-DQB1,25
hsa04020,hsa04020,Calcium signaling pathway,67/1690,188/7839,5.23007119137306e-06,0.000146441993358446,0.000103600453264519,GNAL/ADCY2/P2RX2/CYSLTR2/ATP2B1/PTGFR/PLCB1/PRKACB/PLCB4/ADCY3/GNA14/SLC8A1/HTR2B/CACNA1C/ITPKB/RYR2/GRIN2C/ADCY4/PDGFRB/NOS3/PTAFR/GNA15/PLCB2/TBXA2R/CYSLTR1/AGTR1/CACNA1G/CAMK1D/HRH2/P2RX5/TPCN2/CACNA1H/PRKCB/P2RX6/ERBB2/CXCR4/ORAI3/ITPKA/TACR3/CALM1/ERBB4/BDKRB2/CAMK1/EDNRA/ITPR1/ADORA2B/CAMK2D/PRKCA/PDE1C/DRD1/ADRB2/ADRB3/PHKG1/TNNC2/PDGFRA/ADRA1B/HTR7/GRIN2D/CACNA1I/CD38/PDE1B/ADORA2A/CAMK4/PRKCG/HTR4/CHRM2/BDKRB1,67
hsa05140,hsa05140,Leishmaniasis,33/1690,74/7839,7.32817918190685e-06,0.000188089932335609,0.000133064306197782,CR1/NCF1/HLA-DMB/FCGR3B/NCF2/TLR2/MAPK11/FCGR1A/TGFB1/FCGR2A/FCGR2C/ITGB2/IFNGR1/ITGAM/TLR4/HLA-DMA/TGFB3/CYBB/IL10/PRKCB/ITGA4/HLA-DPA1/HLA-DPB1/HLA-DQA1/HLA-DRA/HLA-DOA/HLA-DRB1/ELK1/HLA-DRB5/FCGR3A/C3/TGFB2/HLA-DQB1,33
hsa04640,hsa04640,Hematopoietic cell lineage,40/1690,97/7839,8.72781315310916e-06,0.000206782034704432,0.000146288042323368,CR1/KITLG/CD37/CD34/HLA-DMB/CSF1/CD44/FCGR1A/GYPA/CD22/CD4/ITGAM/HLA-DMA/CD14/CD55/CD36/ANPEP/CD33/IL6/GP9/CD7/ITGA4/ITGB3/HLA-DPA1/HLA-DPB1/HLA-DQA1/HLA-DRA/IL6R/HLA-DOA/HLA-DRB1/IL1R2/GP5/FCER2/EPO/CD38/CD59/IL7R/HLA-DRB5/CD1D/HLA-DQB1,40
hsa04022,hsa04022,cGMP-PKG signaling pathway,60/1690,166/7839,9.75810459076565e-06,0.000214678300996844,0.000151874259420187,PDE3B/PDE3A/MRVI1/GUCY1A2/PDE2A/ADCY2/ADCY5/PRKG1/ATP2B1/PLCB1/INSR/PIK3R6/ADRA2B/GUCY1B1/PLCB4/ADCY3/MEF2C/KCNMA1/PIK3CG/SLC8A1/CACNA1C/IRS2/TRPC6/KCNMB1/ADRA2A/GUCY1A1/ADCY4/NFATC2/NOS3/MEF2A/PDE5A/CREB3L2/IRS1/PLCB2/GATA4/ATP1B3/AGTR1/PIK3R5/CNGB1/NPR2/NFATC4/ATP1B1/CALM1/BDKRB2/EDNRA/ITPR1/PRKCE/ADORA3/ATP1B2/CREB5/RGS2/ADRB2/ADRB3/KNG1/ADRA1B/NPPB/KCNJ8/FXYD2/ADRA2C/ADORA1,60
hsa04925,hsa04925,Aldosterone synthesis and secretion,40/1690,98/7839,1.17218305998684e-05,0.000240688254983964,0.000170275012924404,PDE2A/ADCY2/ADCY5/ATP2B1/PLCB1/PRKACB/KCNJ5/PLCB4/ADCY3/CYP11A1/CACNA1C/HSD3B2/HSD3B1/ADCY4/CREB3L2/PLCB2/ATP1B3/AGTR1/CACNA1G/CAMK1D/SCARB1/KCNK3/DAGLA/CACNA1H/PRKCB/ATP1B1/CALM1/CAMK1/ITPR1/PRKCE/ATP1B2/CREB5/CAMK2D/PRKCA/PRKD1/CACNA1I/NR4A2/CAMK4/PRKCG/NR4A1,40
hsa04080,hsa04080,Neuroactive ligand-receptor interaction,105/1690,338/7839,1.97221740688429e-05,0.000379651850825225,0.000268584870542794,P2RX2/C5/LPAR1/CGA/CYSLTR2/LEP/HCRTR2/P2RY14/HTR1F/GRID1/PTGFR/GLRB/C5AR1/PENK/ADRA2B/F2RL2/FPR1/HTR2B/GABBR1/GRIK2/C3AR1/P2RY1/GRIN2C/ADRA2A/LHB/LPAR6/GRIA4/EDN1/PTAFR/PTGIR/FPR3/TBXA2R/CYSLTR1/AGTR1/HRH2/NR3C1/P2RX5/MTNR1B/PTH2R/THRA/F2RL3/PTGER4/P2RX6/APLNR/FPR2/HTR1D/TACR3/CTSG/PTGER2/BDKRB2/DRD2/EDNRA/HTR1B/APLN/ADORA3/CSH1/GABRA4/ADORA2B/NMB/TSPO/CHRM4/OPRL1/P2RY2/P2RY6/KISS1/GPR156/DRD1/RLN1/P2RY8/ADRB2/SSTR1/ADRB3/KNG1/P2RY13/MC1R/CHRNE/CRH/ADRA1B/HTR7/GRIN2D/S1PR1/S1PR4/TAC3/KISS1R/GRIK4/GABBR2/GH2/CALCRL/TAC4/GLRA2/GABRB1/ADORA2A/HCRTR1/GALR3/LPAR3/EDN2/ADRA2C/HTR4/NMBR/C3/CHRM2/GH1/ADORA1/FSHR/BDKRB1,105
hsa05152,hsa05152,Tuberculosis,62/1690,179/7839,3.19861594166544e-05,0.000579513947078209,0.000409977399334208,CR1/IL18/HLA-DMB/FCGR2B/FCGR3B/LBP/FCER1G/TLR2/LAMP2/MAPK11/FCGR1A/CASP10/RIPK2/TGFB1/LSP1/SYK/TLR6/FCGR2A/FCGR2C/ITGB2/IFNGR1/CORO1A/TLR1/CTSS/ATP6AP1/ITGAM/NOD2/CLEC7A/ATP6V0A1/TLR4/HLA-DMA/CD14/TGFB3/CEBPB/IL6/MRC1/LAMP1/IL10/ATP6V0B/ATP6V0D2/CALM1/CD74/HLA-DPA1/CIITA/HLA-DPB1/HLA-DQA1/ITGAX/HLA-DRA/CAMK2D/CTSD/HLA-DOA/BID/CAMP/PLK3/IRAK2/HLA-DRB1/HLA-DRB5/FCGR3A/CD209/C3/TGFB2/HLA-DQB1,62
hsa04015,hsa04015,Rap1 signaling pathway,69/1690,206/7839,4.06207291619941e-05,0.000695065810105232,0.000491724616171507,FGF10/KITLG/ADCY2/RAPGEF5/LPAR1/ADCY5/FGF7/CSF1/LPAR5/RAC2/PLCB1/RALB/HGF/INSR/RRAS/RAP1GAP/PLCB4/ADCY3/IGF1/MAPK11/VEGFC/SIPA1L1/FPR1/LCP2/SIPA1/P2RY1/ARAP3/ADCY4/ITGB2/PDGFRB/ITGAM/MAGI3/PIK3CD/PLCB2/DOCK4/TEK/RASGRP3/PRKCZ/F2RL3/PRKCB/PIK3CB/PDGFC/PIK3R3/RASSF5/ITGB3/PDGFB/CALM1/ITGAL/DRD2/FGF1/RGS14/FLT1/ADORA2B/KDR/FYB1/APBB1IP/PRKCA/PRKD1/RAPGEF4/FGF9/ACTG1/THBS1/PDGFRA/PARD6B/ANGPT2/PFN4/ADORA2A/PRKCG/LPAR3,69
hsa05146,hsa05146,Amoebiasis,38/1690,96/7839,4.35804611257862e-05,0.000706462211933797,0.000499787005708462,GNAL/C8G/PLCB1/PRKACB/LAMA1/TLR2/PLCB4/GNA14/TGFB1/LAMA2/LAMC3/ITGB2/ITGAM/TLR4/CD14/TGFB3/LAMB3/GNA15/PIK3CD/PLCB2/COL4A3/IL6/IL10/PRKCB/PIK3CB/PIK3R3/CXCL1/CTSG/HSPB1/PRKCA/ARG1/COL4A4/IL1R2/RAB7B/CD1D/PRKCG/TGFB2/LAMB4,38
hsa05143,hsa05143,African trypanosomiasis,19/1690,37/7839,6.13816724679909e-05,0.00094527775600706,0.000668737168467059,IL18/ICAM1/FAS/APOL1/PLCB1/IDO2/IDO1/PLCB4/PLCB2/IL6/IL10/PRKCB/HBB/VCAM1/PRKCA/KNG1/PRKCG/APOA1/SELE,19
hsa05321,hsa05321,Inflammatory bowel disease (IBD),28/1690,65/7839,7.62643195546893e-05,0.00111854335346878,0.000791313992371964,IL18/IL12RB2/RORC/HLA-DMB/IL12RB1/TLR2/TGFB1/IFNGR1/MAF/NOD2/TLR4/HLA-DMA/TGFB3/IL6/IL18R1/STAT4/IL10/IL2RG/HLA-DPA1/HLA-DPB1/HLA-DQA1/HLA-DRA/HLA-DOA/HLA-DRB1/HLA-DRB5/TGFB2/TBX21/HLA-DQB1,28
hsa05330,hsa05330,Allograft rejection,19/1690,38/7839,9.81390232880748e-05,0.00137394632603305,0.000971998938786196,HLA-F/HLA-B/HLA-DMB/HLA-A/CD28/FAS/CD40/HLA-DMA/CD86/IL10/PRF1/HLA-DPA1/HLA-DPB1/HLA-DQA1/HLA-DRA/HLA-DOA/HLA-DRB1/HLA-DRB5/HLA-DQB1,19
hsa04611,hsa04611,Platelet activation,45/1690,124/7839,0.000110181316511811,0.00147547154285382,0.00104382299853295,GUCY1A2/ADCY2/PLA2G4A/ADCY5/VWF/PRKG1/PLCB1/PRKACB/FCER1G/PIK3R6/GUCY1B1/PLCB4/ADCY3/MAPK11/PIK3CG/TBXAS1/FERMT3/LCP2/SYK/P2RY1/FCGR2A/GUCY1A1/ADCY4/NOS3/PTGIR/PIK3CD/PLCB2/TBXA2R/ARHGAP35/GP9/PIK3R5/PRKCZ/F2RL3/PIK3CB/PIK3R3/PLA2G4F/ITGB3/LYN/ITPR1/BTK/APBB1IP/RASGRP1/P2RY12/ACTG1/GP5,45
hsa04141,hsa04141,Protein processing in endoplasmic reticulum,56/1690,165/7839,0.000142035613489556,0.00182279037311597,0.00128953385931307,XBP1/DAD1/LMAN1/HSPA5/SSR4/DNAJB11/PDIA3/DNAJC3/HSP90B1/BCAP31/HYOU1/CANX/SSR2/SELENOS/LMAN2/PDIA6/EDEM2/CALR/MAN1A1/RPN1/RPN2/STT3B/MAN1A2/GANAB/SYVN1/ERLEC1/SIL1/DNAJC1/ERN1/SSR1/MOGS/DDOST/EIF2AK3/SEC23B/ERO1A/SEC62/TUSC3/CAPN2/EDEM1/MAN1C1/STT3A/SEC24D/SEC24A/SAR1B/UGGT1/OS9/P4HB/BAG2/SVIP/PDIA4/HERPUD1/HSPA6/PPP1R15A/HSPA4L/LMAN1L/WFS1,56
hsa04670,hsa04670,Leukocyte transendothelial migration,41/1690,112/7839,0.00017631779463264,0.00217223522987413,0.00153674877848238,ICAM1/PECAM1/NCF1/CLDN10/CLDN3/MSN/JAM2/RAC2/NCF2/MAPK11/CLDN7/CLDN14/SIPA1/EZR/ITGB2/ITGAM/VAV1/CLDN4/PIK3CD/CYBB/ARHGAP35/ESAM/PRKCB/PIK3CB/VCAM1/ITGA4/PIK3R3/CXCR4/RASSF5/ITGAL/MMP9/PRKCA/RAPGEF4/CD99/ACTG1/MMP2/CLDN5/OCLN/CLDN16/CLDN6/PRKCG,41
hsa04913,hsa04913,Ovarian steroidogenesis,22/1690,49/7839,0.00021401542166971,0.00253525961054888,0.00179357053787976,ADCY2/PLA2G4A/CGA/HSD17B2/ADCY5/PRKACB/INSR/ADCY3/IGF1/CYP11A1/BMP6/HSD3B2/HSD3B1/LHB/ADCY4/SCARB1/CYP1A1/PLA2G4F/CYP19A1/CYP1B1/AKR1C3/FSHR,22
hsa04940,hsa04940,Type I diabetes mellitus,20/1690,43/7839,0.000229447140778085,0.00256191452279456,0.00181242756739055,HLA-F/GAD1/HLA-B/HLA-DMB/HLA-A/CD28/FAS/HLA-DMA/PTPRN2/CD86/PRF1/HLA-DPA1/HLA-DPB1/HLA-DQA1/HLA-DRA/HLA-DOA/HLA-DRB1/HLA-DRB5/PTPRN/HLA-DQB1,20
hsa04960,hsa04960,Aldosterone-regulated sodium reabsorption,18/1690,37/7839,0.000232901320254051,0.00256191452279456,0.00181242756739055,INSR/IGF1/IRS1/PIK3CD/ATP1B3/PRKCB/PIK3CB/ATP1B1/PIK3R3/SCNN1B/SLC9A3R2/ATP1B2/PRKCA/HSD11B2/SCNN1G/FXYD2/NR3C2/PRKCG,18
hsa04380,hsa04380,Osteoclast differentiation,45/1690,128/7839,0.000255502609615311,0.00269772703843674,0.00190850819192209,NCF1/FCGR2B/CSF1/CYLD/FCGR3B/GAB2/RELB/NCF2/MAPK11/FCGR1A/TGFB1/LCP2/SYK/LILRB1/FCGR2A/FCGR2C/IFNGR1/NFATC2/LILRB2/LILRB4/PIK3CD/LOC102725035/LILRB3/TYROBP/SPI1/SQSTM1/LILRB5/LILRA6/PIK3CB/PIK3R3/ITGB3/CTSK/TREM2/TNFRSF11A/BTK/NOX1/TNFRSF11B/MITF/OSCAR/FOSB/CAMK4/FCGR3A/SOCS3/TGFB2/LILRA2,45
hsa04924,hsa04924,Renin secretion,28/1690,69/7839,0.000262765620626955,0.00269772703843674,0.00190850819192209,PDE3B/PDE3A/GUCY1A2/KCNJ2/ADCY5/PLCB1/PRKACB/GUCY1B1/PLCB4/KCNMA1/CACNA1C/GUCY1A1/CLCA2/EDN1/PLCB2/ACE/AGTR1/PTGER4/CALM1/PTGER2/EDNRA/ITPR1/PDE1C/ADRB2/ADRB3/PDE1B/EDN2/ADORA1,28
hsa04970,hsa04970,Salivary secretion,34/1690,90/7839,0.000311728152214517,0.00303293487718809,0.00214565112637709,GUCY1A2/ADCY2/ADCY5/PRKG1/SLC12A2/ATP2B1/PLCB1/PRKACB/GUCY1B1/PLCB4/ADCY3/BST1/KCNMA1/GUCY1A1/ADCY4/PLCB2/ATP1B3/KCNN4/PRKCB/ATP1B1/CALM1/SLC9A1/ITPR1/ATP1B2/PRKCA/LYZ/CAMP/ADRB2/ADRB3/ADRA1B/FXYD2/CST4/CD38/PRKCG,34
hsa04713,hsa04713,Circadian entrainment,36/1690,97/7839,0.000315110117110451,0.00303293487718809,0.00214565112637709,GUCY1A2/ADCY2/ADCY5/PRKG1/PLCB1/PRKACB/KCNJ5/GUCY1B1/PLCB4/ADCY3/GNG11/CACNA1C/RYR2/GRIN2C/GUCY1A1/ADCY4/GRIA4/RPS6KA5/PLCB2/CACNA1G/MTNR1B/GNGT1/CACNA1H/PER3/PRKCB/NOS1AP/KCNJ6/CALM1/ITPR1/CAMK2D/PRKCA/GRIN2D/CACNA1I/GNG2/GNG7/PRKCG,36
hsa05205,hsa05205,Proteoglycans in cancer,64/1690,201/7839,0.000387511837292629,0.00361677714806454,0.0025586906003054,CDKN1A/WNT10A/CD63/MSN/FAS/WNT5B/PRKACB/HGF/ANK1/CD44/RRAS/TLR2/ANK2/IGF1/MAPK11/RDX/WNT3A/WNT2/TGFB1/HBEGF/EZR/WNT9A/DCN/SDC1/TLR4/LUM/PIK3CD/WNT4/CCND1/MYC/VTN/SDC2/FZD4/PRKCB/PIK3CB/ERBB2/PIK3R3/ITGB3/FZD1/ERBB4/WNT1/SLC9A1/WNT10B/ITPR1/FLNC/KDR/CAMK2D/MMP9/COL21A1/PRKCA/ITGB5/WNT2B/ACTG1/THBS1/MMP2/ELK1/WNT7B/TIMP3/PTCH1/TWIST2/PRKCG/FZD2/WNT9B/TGFB2,64
hsa04512,hsa04512,ECM-receptor interaction,31/1690,82/7839,0.000556625588641706,0.00504237297946016,0.00356722900460784,RELN/VWF/SV2B/LAMA1/CD44/TNR/LAMA2/LAMC3/COL6A5/TNXB/ITGB8/SDC1/ITGA9/LAMB3/CD36/COL4A3/GP9/VTN/SPP1/COMP/ITGA4/ITGB3/ITGA8/ITGA7/COL9A3/ITGA10/COL4A4/ITGB5/THBS1/GP5/LAMB4,31
hsa04750,hsa04750,Inflammatory mediator regulation of TRP channels,36/1690,100/7839,0.000617195307622753,0.00543131870708023,0.00384238883241834,ADCY2/PLA2G4A/ADCY5/ASIC4/PLCB1/PRKACB/PLCB4/ADCY3/IGF1/MAPK11/TRPA1/HTR2B/ADCY4/PRKCH/PIK3CD/PLCB2/TRPV2/PRKCB/PTGER4/PIK3CB/PIK3R3/PLA2G4F/CALM1/PTGER2/BDKRB2/ITPR1/PRKCE/CAMK2D/P2RY2/PRKCA/TRPV3/KNG1/ASIC3/PRKCG/ASIC2/BDKRB1,36
hsa05202,hsa05202,Transcriptional misregulation in cancer,59/1690,186/7839,0.000716241256935522,0.0061278418648928,0.0043351444498729,CDKN1A/ETV4/ZBTB16/PROM1/TRAF1/BCL2A1/IGF1/MEF2C/TMPRSS2/FCGR1A/DOT1L/FLI1/HMGA2/PBX3/CD40/MAF/ITGAM/ERG/CD14/ZEB1/BMP2K/SIX4/CEBPB/HHEX/HIST1H3G/MYC/IL6/CD86/SPI1/RARA/HIST1H3E/MEIS1/TSPAN7/FOXO1/CDK14/HOXA11/AFF1/HIST3H3/MLLT3/FLT1/GADD45B/MMP9/RUNX1T1/BCL6/HIST1H3H/CEBPA/GADD45G/RUNX2/LYL1/HIST1H3A/IL1R2/MITF/SLC45A3/RXRG/HOXA10/KDM6A/BIRC3/HIST2H3D/DEFA3,59
hsa05320,hsa05320,Autoimmune thyroid disease,22/1690,53/7839,0.000811835845502793,0.00675798487607731,0.00478093940310322,HLA-F/HLA-B/CGA/HLA-DMB/HLA-A/CD28/FAS/CTLA4/CD40/HLA-DMA/CD86/IL10/PRF1/HLA-DPA1/HLA-DPB1/HLA-DQA1/HLA-DRA/HLA-DOA/HLA-DRB1/HLA-DRB5/TG/HLA-DQB1,22
hsa04921,hsa04921,Oxytocin signaling pathway,50/1690,153/7839,0.000849575583643717,0.00688603367795433,0.00487152758488225,CDKN1A/CACNB4/GUCY1A2/ADCY2/PLA2G4A/KCNJ2/ADCY5/CACNA2D4/PLCB1/PRKACB/KCNJ5/PIK3R6/GUCY1B1/PLCB4/ADCY3/MEF2C/PIK3CG/CACNB1/CACNA1C/RYR2/CACNA2D2/GUCY1A1/ADCY4/NFATC2/NOS3/TRPM2/RCAN1/PLCB2/CCND1/PRKAA2/CAMK1D/PIK3R5/NPR2/NFATC4/CACNA2D3/PRKCB/CACNA2D1/PLA2G4F/KCNJ6/CALM1/CAMK1/ITPR1/CAMK2D/PRKCA/RGS2/ACTG1/ELK1/CD38/CAMK4/PRKCG,50
hsa05332,hsa05332,Graft-versus-host disease,18/1690,41/7839,0.0010948787245784,0.0086467345428243,0.00611713619400079,HLA-F/HLA-B/HLA-DMB/HLA-A/CD28/FAS/HLA-DMA/IL6/CD86/PRF1/HLA-DPA1/HLA-DPB1/HLA-DQA1/HLA-DRA/HLA-DOA/HLA-DRB1/HLA-DRB5/HLA-DQB1,18
hsa04062,hsa04062,Chemokine signaling pathway,59/1690,190/7839,0.00128173294253793,0.00986934365754205,0.00698207155540398,NCF1/ADCY2/CXCL16/ADCY5/CCL13/RAC2/PLCB1/PRKACB/CCR7/PIK3R6/PLCB4/JAK3/ADCY3/ARRB2/PIK3CG/GNG11/CCL4/SHC2/CCL2/CCL8/ADCY4/CCL5/VAV1/HCK/CCL18/PIK3CD/PLCB2/WAS/CCL28/DOCK2/PIK3R5/PRKCZ/GNGT1/PRKCB/PIK3CB/CCR10/PIK3R3/CXCR4/CXCL1/CCL3/LYN/PF4V1/CCL3L3/CCL3L1/CXCL14/PPBP/FGR/CX3CR1/CCR9/CX3CL1/GNG2/CXCL13/CCR5/PF4/GNG7/CXCL10/CCL4L1/CCL4L2/CCL7,59
hsa04927,hsa04927,Cortisol synthesis and secretion,25/1690,65/7839,0.00139182218212224,0.0104556398071622,0.00739684702693978,PDE8B/ADCY2/ADCY5/PLCB1/PRKACB/PLCB4/ADCY3/CYP11A1/CACNA1C/HSD3B2/HSD3B1/ADCY4/KCNA4/CREB3L2/PLCB2/AGTR1/CACNA1G/SCARB1/KCNK3/CACNA1H/ITPR1/MRAP/CREB5/CACNA1I/NR4A1,25
hsa04270,hsa04270,Vascular smooth muscle contraction,43/1690,132/7839,0.00203375042468013,0.0149141697809877,0.0105510360378142,MRVI1/GUCY1A2/ADCY2/PLA2G4A/MYH11/ADCY5/PRKG1/RAMP3/PLCB1/PRKACB/GUCY1B1/PLCB4/ADCY3/PLA2G5/KCNMA1/CACNA1C/KCNMB1/GUCY1A1/ADCY4/PRKCH/EDN1/PTGIR/PLCB2/AGTR1/RAMP2/NPR2/PRKCB/PLA2G4F/CALM1/PLA2G2A/EDNRA/PPP1R14A/ITPR1/PRKCE/ADORA2B/PRKCA/ACTA2/ADRA1B/NPPB/CALCRL/ADORA2A/PRKCG/EDN2,43
hsa04724,hsa04724,Glutamatergic synapse,38/1690,114/7839,0.00228879260746295,0.0162655397572019,0.0115070633278906,ADCY2/PLA2G4A/ADCY5/PLCB1/PRKACB/PLCB4/PLD1/ADCY3/GNG11/CACNA1C/GRIK2/GRIN2C/ADCY4/GRIA4/PLCB2/SLC38A1/SLC38A3/SHANK1/GNGT1/DLGAP1/DLG4/HOMER3/SLC1A7/PRKCB/TRPC1/PLA2G4F/SHANK2/ITPR1/SLC1A1/PRKCA/SHANK3/GRIN2D/SLC1A2/GRIK4/GNG2/SLC1A6/GNG7/PRKCG,38
hsa04072,hsa04072,Phospholipase D signaling pathway,47/1690,148/7839,0.00232364853674312,0.0162655397572019,0.0115070633278906,KITLG/DGKE/DGKH/ADCY2/LPAR1/PLA2G4A/ADCY5/LPAR5/GAB2/PTGFR/PLCB1/RALB/FCER1G/INSR/RRAS/PIK3R6/PLCB4/PLD1/ADCY3/PIK3CG/SYK/SHC2/DGKG/ADCY4/LPAR6/PDGFRB/PIK3CD/PLCB2/CYTH4/AGTR1/PIK3R5/DGKD/PIK3CB/PDGFC/PIK3R3/PLPP3/PLA2G4F/PDGFB/PLPP2/AGPAT5/DNM3/PRKCA/RAPGEF4/PDGFRA/DGKI/LPAR3/DNM1,47
hsa05410,hsa05410,Hypertrophic cardiomyopathy (HCM),30/1690,85/7839,0.00241700035027075,0.0165430246196309,0.0117033701171005,CACNB4/CACNA2D4/IGF1/CACNB1/SLC8A1/CACNA1C/TGFB1/LAMA2/RYR2/CACNA2D2/EDN1/ITGB8/TGFB3/ITGA9/PRKAA2/ACE/IL6/SGCB/CACNA2D3/ITGA4/CACNA2D1/ITGB3/ITGA8/TNNI3/ITGA7/ITGA10/MYH6/ITGB5/ACTG1/TGFB2,30
hsa04010,hsa04010,MAPK signaling pathway,84/1690,295/7839,0.00260902923641159,0.017280479868893,0.0122250831608368,MAPT/FGF10/KITLG/CACNB4/NTF4/RPS6KA3/PLA2G4A/MAP3K3/CACNA2D4/FGF7/CSF1/AREG/FAS/RELB/RAC2/TGFA/PRKACB/HGF/INSR/RRAS/MKNK1/IGF1/MAPK11/MEF2C/VEGFC/ARRB2/STK3/CACNB1/MAP4K1/CACNA1C/TGFB1/MAP3K12/MAP3K13/CACNA2D2/PDGFRB/MAP3K20/RPS6KA5/CD14/TGFB3/CDC25B/RASGRP4/TEK/RASGRP3/MYC/CACNA1G/DUSP16/EREG/CACNA1H/CACNA2D3/PRKCB/ERBB2/PDGFC/CACNA2D1/PLA2G4F/MECOM/PDGFB/DUSP10/DUSP8/RPS6KA2/ERBB4/FGF1/DUSP5/HSPB1/MAPKAPK3/FLNC/HSPA6/FLT1/KDR/GADD45B/PRKCA/RASA1/MKNK2/RASGRP1/GADD45G/FGF9/RASGRF1/PDGFRA/ELK1/ANGPT2/CACNA1I/PRKCG/NTRK2/TGFB2/NR4A1,84
hsa04933,hsa04933,AGE-RAGE signaling pathway in diabetic complications,34/1690,100/7839,0.00263695634362977,0.017280479868893,0.0122250831608368,ICAM1/PLCB1/PLCB4/MAPK11/VEGFC/TGFB1/CCL2/EDN1/NOS3/DIAPH1/TGFB3/PIK3CD/PLCB2/COL4A3/CYBB/CCND1/AGTR1/IL6/PRKCZ/PRKCB/F3/PIK3CB/VCAM1/PIK3R3/FOXO1/PRKCE/PRKCA/COL4A4/EGR1/THBD/MMP2/NOX1/TGFB2/SELE,34
hsa05310,hsa05310,Asthma,14/1690,31/7839,0.00279610056186412,0.0179416452719614,0.0126928249189884,HLA-DMB/FCER1G/CD40/HLA-DMA/IL10/HLA-DPA1/HLA-DPB1/HLA-DQA1/PRG2/HLA-DRA/HLA-DOA/HLA-DRB1/HLA-DRB5/HLA-DQB1,14
hsa04911,hsa04911,Insulin secretion,30/1690,86/7839,0.00296191195956425,0.018617732317261,0.0131711229995661,ADCY2/ADCY5/PLCB1/PRKACB/PLCB4/ADCY3/KCNMA1/CACNA1C/RYR2/KCNMB1/ADCY4/CREB3L2/PLCB2/ATP1B3/ABCC8/KCNN4/PRKCB/ATP1B1/GCK/ATP1B2/CREB5/CAMK2D/PRKCA/RAPGEF4/KCNN2/FXYD2/FFAR1/RIMS2/PRKCG/SLC2A1,30
hsa04916,hsa04916,Melanogenesis,34/1690,101/7839,0.00316933454638854,0.0188429016046208,0.0133304191119498,WNT10A/KITLG/ADCY2/ADCY5/WNT5B/PLCB1/PRKACB/PLCB4/ADCY3/WNT3A/WNT2/WNT9A/ADCY4/EDN1/CREB3L2/PLCB2/WNT4/FZD4/PRKCB/CALM1/FZD1/WNT1/WNT10B/CAMK2D/PRKCA/LEF1/WNT2B/MC1R/MITF/WNT7B/PRKCG/ASIP/FZD2/WNT9B,34
hsa04350,hsa04350,TGF-beta signaling pathway,31/1690,90/7839,0.00318126910207884,0.0188429016046208,0.0133304191119498,BMP5/LEFTY2/NBL1/MINOS1-NBL1/SMAD5/TGFB1/BMP6/ID4/DCN/TGFB3/HAMP/LEFTY1/INHBA/ACVR1B/MYC/GDF6/ID3/FST/ACVR2A/GDF7/BMP8B/BMPR1B/PITX2/CDKN2B/BMPR1A/THBS1/BMP2/CHRD/NODAL/TGFB2/AMHR2,31
hsa04974,hsa04974,Protein digestion and absorption,31/1690,90/7839,0.00318126910207884,0.0188429016046208,0.0133304191119498,ELN/KCNQ1/SLC16A10/CPA1/SLC3A2/SLC7A7/SLC8A1/SLC7A8/COL5A3/COL6A5/MEP1A/COL4A3/ATP1B3/CPB1/KCNN4/ATP1B1/COL15A1/KCNE3/ATP1B2/SLC1A1/COL9A3/ACE2/COL21A1/COL11A1/COL4A4/SLC15A1/COL14A1/SLC6A19/FXYD2/COL10A1/COL12A1,31
hsa04972,hsa04972,Pancreatic secretion,33/1690,98/7839,0.00359631219235113,0.0208993236838519,0.0147852358255548,ADCY2/KCNQ1/ADCY5/SLC12A2/ATP2B1/PLCB1/PLCB4/CPA1/ADCY3/PLA2G5/BST1/KCNMA1/AMY2B/RYR2/ADCY4/CLCA2/PLCB2/ATP1B3/CPB1/SLC4A4/TPCN2/PRKCB/ATP1B1/TRPC1/PLA2G2A/SLC9A1/ITPR1/ATP1B2/PRKCA/FXYD2/CEL/CD38/PRKCG,33
hsa04934,hsa04934,Cushing syndrome,48/1690,155/7839,0.00368789972697645,0.0210346873316435,0.014880998898326,CDKN1A/PDE8B/WNT10A/ADCY2/ADCY5/WNT5B/PLCB1/PRKACB/PLCB4/RB1/ADCY3/CYP11A1/WNT3A/CACNA1C/WNT2/HSD3B2/WNT9A/HSD3B1/ADCY4/KCNA4/CREB3L2/PLCB2/WNT4/CCND1/AGTR1/CACNA1G/FZD4/SCARB1/KCNK3/CACNA1H/FZD1/WNT1/WNT10B/ITPR1/MRAP/CREB5/CAMK2D/LEF1/CDKN2B/WNT2B/CRH/CDKN2A/WNT7B/AHR/CACNA1I/FZD2/WNT9B/NR4A1,48
hsa05032,hsa05032,Morphine addiction,31/1690,91/7839,0.00384999476722204,0.0211749712197212,0.0149802427972737,PDE8B/PDE3B/PDE3A/PDE2A/PDE4A/ADCY2/PDE7A/ADCY5/PRKACB/KCNJ5/PDE4B/ADCY3/ARRB2/GNG11/GABBR1/ADCY4/GNGT1/PRKCB/KCNJ6/GABRA4/PRKCA/PDE1C/DRD1/PDE7B/PDE1B/GNG2/GABBR2/GABRB1/GNG7/PRKCG/ADORA1,31
hsa05414,hsa05414,Dilated cardiomyopathy (DCM),31/1690,91/7839,0.00384999476722204,0.0211749712197212,0.0149802427972737,CACNB4/ADCY2/ADCY5/CACNA2D4/PRKACB/ADCY3/IGF1/CACNB1/SLC8A1/CACNA1C/TGFB1/LAMA2/RYR2/CACNA2D2/ADCY4/ITGB8/TGFB3/ITGA9/SGCB/CACNA2D3/ITGA4/CACNA2D1/ITGB3/ITGA8/TNNI3/ITGA7/ITGA10/MYH6/ITGB5/ACTG1/TGFB2,31
hsa04540,hsa04540,Gap junction,30/1690,88/7839,0.00436966649713312,0.0232585782093912,0.0164542914878468,GUCY1A2/ADCY2/LPAR1/ADCY5/PRKG1/PLCB1/PRKACB/GUCY1B1/PLCB4/ADCY3/TUBB3/TJP1/HTR2B/GUCY1A1/ADCY4/PDGFRB/GJA1/PLCB2/TUBB4A/PRKCB/PDGFC/PDGFB/DRD2/ITPR1/PRKCA/DRD1/TUBB2A/PDGFRA/TUBA1A/PRKCG,30
hsa04371,hsa04371,Apelin signaling pathway,43/1690,137/7839,0.00442750214186117,0.0232585782093912,0.0164542914878468,PDE3B/ADCY2/ADCY5/PLCB1/PRKACB/HDAC5/RRAS/PIK3R6/PLCB4/ADCY3/JAG1/MEF2C/KLF2/PIK3CG/GNG11/SLC8A1/RYR2/ADCY4/NOS3/MEF2A/NOTCH3/PLCB2/CCND1/PRKAA2/AGTR1/PIK3R5/SPP1/GNGT1/APLNR/CALM1/MYL4/SLC9A1/APLN/ITPR1/PRKCE/EGR1/ACTA2/GABARAPL1/GNG2/GNG7/CAMK4/BECN2/UCP1,43
hsa05142,hsa05142,Chagas disease (American trypanosomiasis),34/1690,103/7839,0.00451295874004538,0.0232585782093912,0.0164542914878468,GNAL/FAS/PPP2R2B/PLCB1/TLR2/PLCB4/MAPK11/CALR/GNA14/C1QA/TGFB1/CCL2/TLR6/C1QB/IFNGR1/C1QC/CCL5/TLR4/TGFB3/GNA15/PIK3CD/PLCB2/ACE/IL6/IL10/PIK3CB/PIK3R3/CCL3/BDKRB2/CCL3L3/CCL3L1/KNG1/C3/TGFB2,34
hsa00510,hsa00510,N-Glycan biosynthesis,19/1690,49/7839,0.0045308918589723,0.0232585782093912,0.0164542914878468,DAD1/ALG5/ALG3/MAN1A1/RPN1/RPN2/STT3B/MAN1A2/GANAB/MOGS/DDOST/B4GALT3/MGAT1/ALG12/TUSC3/MAN1C1/STT3A/ST6GAL1/MGAT2,19
hsa04261,hsa04261,Adrenergic signaling in cardiomyocytes,45/1690,145/7839,0.00462164152272264,0.023335501458993,0.016508710874954,SCN1B/CACNB4/ADCY2/KCNQ1/ADCY5/CACNA2D4/SCN7A/ATP2B1/PPP2R2B/PLCB1/PRKACB/PIK3R6/PLCB4/ADCY3/MAPK11/PIK3CG/CACNB1/SLC8A1/CACNA1C/RYR2/CACNA2D2/ADCY4/RPS6KA5/CREB3L2/PLCB2/ATP1B3/AGTR1/PIK3R5/CACNA2D3/ATP1B1/CACNA2D1/SCN4B/CALM1/MYL4/SLC9A1/TNNI3/ATP1B2/CREB5/CAMK2D/PRKCA/MYH6/ADRB2/RAPGEF4/ADRA1B/FXYD2,45
hsa03320,hsa03320,PPAR signaling pathway,26/1690,74/7839,0.00489015643856994,0.023907431477453,0.0169133230206178,SLC27A6/ACSBG2/APOA2/LPL/MMP1/ACSL4/GK/PLTP/ACSL5/CYP27A1/CD36/FADS2/HMGCS2/ME1/ACADL/FABP4/ACOX2/APOA5/FABP5/PLIN2/RXRG/PLIN4/APOA1/UCP1/ANGPTL4/ACSL6,26
hsa04918,hsa04918,Thyroid hormone synthesis,26/1690,74/7839,0.00489015643856994,0.023907431477453,0.0169133230206178,ADCY2/HSPA5/CGA/ADCY5/HSP90B1/CANX/PLCB1/PRKACB/PLCB4/ADCY3/ADCY4/CREB3L2/PLCB2/ATP1B3/PRKCB/ATP1B1/PDIA4/ITPR1/ATP1B2/CREB5/PRKCA/TTR/FXYD2/TG/PRKCG/GPX7,26
hsa04360,hsa04360,Axon guidance,54/1690,181/7839,0.00516715395593136,0.0248669284129197,0.017592119553911,ABLIM3/WNT5B/RAC2/EFNB2/RRAS/SEMA3A/PLXNA4/ABLIM1/SEMA6B/EPHA3/TRPC6/SEMA3G/PLXNC1/NFATC2/NRP1/SEMA3D/SLIT2/DPYSL2/PIK3CD/WNT4/SEMA6D/PRKCZ/PLXNA3/NFATC4/ROBO3/SEMA3C/LRRC4/PIK3CB/PIK3R3/TRPC1/CXCR4/GDF7/SLIT3/NTN4/SEMA7A/L1CAM/BMPR1B/TRPC5/SEMA3E/CAMK2D/EPHA4/PRKCA/NTNG2/RASA1/ROBO2/ABLIM2/NTNG1/SEMA4B/PARD6B/SEMA3B/SEMA5A/PTCH1/NGEF/EPHA5,54
hsa04725,hsa04725,Cholinergic synapse,36/1690,112/7839,0.00575701020638017,0.0272793714394629,0.0192988034448695,ADCY2/KCNQ1/KCNJ2/ADCY5/PLCB1/PRKACB/PIK3R6/PLCB4/ADCY3/ACHE/PIK3CG/GNG11/CACNA1C/ADCY4/CREB3L2/PIK3CD/PLCB2/PIK3R5/GNGT1/PRKCB/PIK3CB/PIK3R3/KCNJ6/KCNQ3/KCNQ4/ITPR1/CREB5/CHRM4/CAMK2D/PRKCA/CHAT/GNG2/GNG7/CAMK4/PRKCG/CHRM2,36
hsa00600,hsa00600,Sphingolipid metabolism,18/1690,47/7839,0.0065777352319075,0.0306960977489017,0.021715967990508,SPTLC2/SGPP2/CERS6/SGMS1/GLA/NEU1/SPTLC1/SMPD2/B4GALT6/DEGS2/GBA/PLPP3/ACER2/PLPP2/UGCG/SPTLC3/ACER1/GAL3ST1,18
hsa05412,hsa05412,Arrhythmogenic right ventricular cardiomyopathy (ARVC),25/1690,72/7839,0.00679456961974274,0.0312347379534442,0.0220970292425255,CACNB4/CACNA2D4/CACNB1/SLC8A1/CACNA1C/LAMA2/RYR2/CACNA2D2/ITGB8/ITGA9/GJA1/SGCB/CACNA2D3/ITGA4/CACNA2D1/ITGB3/ITGA8/DSG2/ITGA7/ITGA10/LEF1/ITGB5/ACTG1/CDH2/ACTN2,25
hsa04928,hsa04928,Parathyroid hormone synthesis, secretion and action,34/1690,106/7839,0.00741115135698649,0.0334373023630295,0.0236552344126695,CDKN1A/PDE4A/ADCY2/LRP6/ADCY5/PLCB1/PRKACB/PLCB4/PLD1/PDE4B/ADCY3/MEF2C/ARRB2/KL/AKAP13/HBEGF/ADCY4/MEF2A/CREB3L2/PLCB2/MAFB/PRKCB/CYP24A1/ITPR1/MMP17/CREB5/PRKCA/EGR1/RUNX2/RXRG/MMP16/MMP15/NR4A2/PRKCG,34
hsa04978,hsa04978,Mineral absorption,19/1690,51/7839,0.00749082423067869,0.0334373023630295,0.0236552344126695,SLC30A1/ATP2B1/MT1G/SLC39A4/SLC8A1/CYBRD1/TF/SLC26A6/ATP1B3/FTL/HEPH/MT1F/ATP1B1/TRPM6/MT1E/MT1H/ATP1B2/SLC6A19/FXYD2,19
hsa04923,hsa04923,Regulation of lipolysis in adipocytes,20/1690,55/7839,0.00836408361062665,0.036647893916606,0.0259265688336892,PDE3B/ADCY2/CGA/ADCY5/PRKG1/PRKACB/INSR/ADCY3/IRS2/ADCY4/IRS1/ABHD5/PIK3CD/PIK3CB/PIK3R3/FABP4/MGLL/ADRB2/ADRB3/ADORA1,20
hsa04961,hsa04961,Endocrine and other factor-regulated calcium reabsorption,18/1690,48/7839,0.00844805346778905,0.036647893916606,0.0259265688336892,ATP2B1/PLCB1/PRKACB/PLCB4/KL/SLC8A1/PLCB2/ATP1B3/PRKCB/ATP1B1/BDKRB2/ATP1B2/DNM3/PRKCA/FXYD2/CLTCL1/PRKCG/DNM1,18
hsa04310,hsa04310,Wnt signaling pathway,47/1690,158/7839,0.00919889486295393,0.0393508280248585,0.0278387607694658,PORCN/WNT10A/LRP6/WNT5B/RAC2/SERPINF1/PLCB1/PRKACB/PLCB4/WNT3A/RSPO3/NKD1/WNT2/CSNK2A2/WNT9A/NFATC2/PRICKLE1/DAAM2/PLCB2/WNT4/CCND1/MYC/FZD4/NFATC4/PRKCB/RSPO4/PRICKLE2/NKD2/FZD1/WNT1/LGR5/WNT10B/CAMK2D/SOX17/PRKCA/WISP1/DKK2/ROR1/LEF1/WNT2B/WNT7B/MMP7/PRKCG/FZD2/VANGL2/WNT9B/RSPO2,47
hsa04142,hsa04142,Lysosome,38/1690,123/7839,0.00949400223324984,0.039629448094062,0.0280358706612127,CTSE/CD63/AP3M2/AP1S2/PPT2/PLA2G15/CLN3/CD164/GLA/ABCA2/LAMP2/CTSZ/NEU1/HYAL1/CTSS/ATP6AP1/LAPTM5/ATP6V0A1/IDS/CTSF/FUCA1/GBA/IDUA/LAMP1/ATP6V0B/GNS/ATP6V0D2/CTSK/CTSG/CTSA/TPP1/GM2A/CTSD/CTSW/ACP2/LAMP3/CLTCL1/AP3B2,38
hsa02010,hsa02010,ABC transporters,17/1690,45/7839,0.00952136090571619,0.039629448094062,0.0280358706612127,ABCA6/ABCA3/ABCC3/ABCA8/ABCA2/ABCC9/ABCC5/ABCA9/ABCB11/ABCG2/ABCC2/ABCC8/ABCB1/ABCD1/ABCB5/ABCA12/ABCA4,17
hsa04919,hsa04919,Thyroid hormone signaling pathway,36/1690,116/7839,0.010549948255379,0.0433251208354231,0.0306503759840485,NOTCH2/PLCB1/PRKACB/SLC16A10/PLCB4/RCAN1/NOTCH3/PIK3CD/PLCB2/WNT4/CCND1/GATA4/ATP1B3/MYC/THRA/PRKCB/PIK3CB/PFKP/ATP1B1/PIK3R3/SLC16A2/ITGB3/PFKFB2/FOXO1/SLC9A1/ATP1B2/PRKCA/MED12L/MYH6/NOTCH4/ACTG1/DIO3/FXYD2/RXRG/PRKCG/SLC2A1,36
hsa04024,hsa04024,cAMP signaling pathway,60/1690,212/7839,0.0113785342232636,0.0461130071153314,0.0326226673714067,PDE3B/PDE3A/PDE4A/ADCY2/CGA/ADCY5/HTR1F/ATP2B1/RAC2/PRKACB/RRAS/PLD1/PDE4B/ADCY3/CACNA1C/GABBR1/RYR2/GRIN2C/ARAP3/ADCY4/GRIA4/EDN1/VAV1/CREB3L2/PIK3CD/ATP1B3/CNGB1/PIK3CB/ATP1B1/PIK3R3/HTR1D/CALM1/PTGER2/DRD2/EDNRA/SLC9A1/HTR1B/TNNI3/ATP1B2/CREB5/CAMK2D/DRD1/ADRB2/SSTR1/RAPGEF4/HCN2/FXYD2/GRIN2D/PTCH1/FXYD1/GABBR2/ADORA2A/CAMK4/EDN2/HTR4/HCN4/CHRM2/SUCNR1/ADORA1/FSHR,60
hsa04930,hsa04930,Type II diabetes mellitus,17/1690,46/7839,0.0121379543671045,0.0485518174684182,0.0343480048392432,PKLR/INSR/CACNA1C/IRS2/IRS1/PIK3CD/CACNA1G/ABCC8/HK3/PRKCZ/HK2/MAFA/PIK3CB/PIK3R3/GCK/PRKCE/SOCS3,17
